<?xml version="1.0" encoding="UTF-8"?>
<!DOCTYPE mapper PUBLIC "-//mybatis.org//DTD Mapper 3.0//EN" "http://mybatis.org/dtd/mybatis-3-mapper.dtd">
<mapper namespace="com.atguigu.redis7.mapper.CustomerMapper">
  <resultMap id="BaseResultMap" type="com.atguigu.redis7.entities.Customer">
    <!--
      WARNING - @mbg.generated
    -->
    <id column="id" jdbcType="INTEGER" property="id" />
    <result column="cname" jdbcType="VARCHAR" property="cname" />
    <result column="age" jdbcType="INTEGER" property="age" />
    <result column="phone" jdbcType="VARCHAR" property="phone" />
    <result column="sex" jdbcType="TINYINT" property="sex" />
    <result column="birth" jdbcType="TIMESTAMP" property="birth" />
  </resultMap>
</mapper>